2749.589793,3.08E+04,7.00E+00
2749.610225,3.06E+04,7.00E+00
2749.630657,3.03E+04,7.00E+00
2749.651089,2.99E+04,6.99E+00
2749.671521,2.95E+04,6.99E+00
2749.691952,2.91E+04,6.99E+00
2749.712384,2.78E+04,6.99E+00
2749.732816,2.40E+04,6.99E+00
2749.753248,1.86E+04,6.99E+00
2749.916703,3.09E+04,6.98E+00
2749.937135,3.11E+04,6.98E+00
2749.957567,3.12E+04,6.98E+00
2749.977999,3.13E+04,6.98E+00
2749.998431,3.12E+04,6.98E+00
2750.018863,3.11E+04,6.97E+00
2750.039295,3.09E+04,6.97E+00
2750.059727,3.07E+04,6.96E+00
2750.080158,3.04E+04,6.96E+00
2750.10059,2.95E+04,6.96E+00
2750.121022,2.82E+04,6.96E+00
2750.141454,2.73E+04,6.96E+00
2750.161886,2.73E+04,6.96E+00
2750.182318,2.82E+04,6.95E+00
2750.20275,2.93E+04,6.95E+00
2750.223182,3.00E+04,6.95E+00
2750.243614,3.01E+04,6.95E+00
2750.264046,3.01E+04,6.95E+00
2750.284477,3.02E+04,6.95E+00
2750.304909,3.02E+04,6.95E+00
2750.325341,3.01E+04,6.95E+00
2750.345773,2.99E+04,6.95E+00
2750.366205,2.95E+04,6.95E+00
2750.386637,2.91E+04,6.95E+00
2750.407069,2.86E+04,6.95E+00
2750.427501,2.82E+04,6.95E+00
2750.447933,2.76E+04,6.94E+00
2750.468364,2.49E+04,6.94E+00
2750.488796,2.01E+04,6.94E+00
2750.652251,3.05E+04,6.94E+00
2750.672683,3.08E+04,6.94E+00
2750.693115,3.11E+04,6.94E+00
2750.713547,3.12E+04,6.94E+00
2750.733979,3.13E+04,6.94E+00
2750.754411,3.12E+04,6.94E+00
2750.774843,3.11E+04,6.94E+00
2750.795275,3.10E+04,6.94E+00
2750.815706,3.08E+04,6.94E+00
2750.836138,3.01E+04,6.94E+00
2750.85657,2.90E+04,6.93E+00
2750.877002,2.78E+04,6.93E+00
2750.897434,2.73E+04,6.93E+00
2750.917866,2.79E+04,6.93E+00
2750.938298,2.90E+04,6.93E+00
2750.95873,3.00E+04,6.93E+00
2750.979161,3.04E+04,6.93E+00
2751.142617,3.04E+04,6.93E+00
2751.163048,3.02E+04,6.93E+00
2751.18348,3.00E+04,6.93E+00
2751.203912,2.85E+04,6.93E+00
2751.224344,2.44E+04,6.93E+00
2751.244776,1.88E+04,6.92E+00
2751.265208,1.53E+04,6.92E+00
2751.28564,1.81E+04,6.92E+00
2751.306072,2.38E+04,6.92E+00
2751.326503,2.83E+04,6.92E+00
2751.346935,3.02E+04,6.92E+00
2751.367367,3.05E+04,6.92E+00
2751.387799,3.08E+04,6.92E+00
2751.408231,3.11E+04,6.92E+00
2751.428663,3.13E+04,6.92E+00
2751.449095,3.14E+04,6.92E+00
2751.469527,3.14E+04,6.92E+00
2751.489958,3.14E+04,6.91E+00
2751.51039,3.12E+04,6.91E+00
2751.530822,3.10E+04,6.91E+00
2751.551254,3.08E+04,6.91E+00
2751.571686,3.04E+04,6.91E+00
2751.592118,2.93E+04,6.91E+00
2751.61255,2.81E+04,6.91E+00
2751.632982,2.72E+04,6.91E+00
2751.653413,2.74E+04,6.91E+00
2751.673845,2.84E+04,6.91E+00
2751.694277,2.94E+04,6.91E+00
2751.714709,3.01E+04,6.91E+00
2751.735141,3.02E+04,6.91E+00
2751.755573,3.03E+04,6.91E+00
2751.776005,3.04E+04,6.91E+00
2751.796437,3.04E+04,6.91E+00
2751.816868,3.03E+04,6.91E+00
2751.8373,3.01E+04,6.91E+00
2751.857732,2.98E+04,6.91E+00
2751.878164,2.94E+04,6.91E+00
2751.898596,2.90E+04,6.91E+00
2751.919028,2.86E+04,6.91E+00
2751.93946,2.77E+04,6.90E+00
2751.959891,2.46E+04,6.90E+00
2752.123346,3.09E+04,6.90E+00
2752.143778,3.11E+04,6.90E+00
2752.16421,3.12E+04,6.90E+00
2752.184642,3.12E+04,6.90E+00
2752.205074,3.11E+04,6.90E+00
2752.225506,3.10E+04,6.90E+00
2752.245938,3.07E+04,6.90E+00
2752.266369,3.04E+04,6.90E+00
2752.286801,3.01E+04,6.90E+00
2752.307233,2.97E+04,6.90E+00
2752.327665,2.88E+04,6.89E+00
2752.348097,2.75E+04,6.89E+00
2752.368529,2.61E+04,6.89E+00
2752.388961,2.57E+04,6.89E+00
2752.409393,2.62E+04,6.89E+00
2752.429824,2.71E+04,6.89E+00
2752.450256,2.77E+04,6.89E+00
2752.470688,2.78E+04,6.89E+00
2752.49112,2.77E+04,6.89E+00
2752.511552,2.76E+04,6.89E+00
2752.531984,2.74E+04,6.89E+00
2752.552416,2.71E+04,6.89E+00
2752.572847,2.67E+04,6.89E+00
2752.613711,3.11E+04,6.89E+00
2752.634143,3.08E+04,6.89E+00
2752.654575,3.04E+04,6.89E+00
2752.675007,3.00E+04,6.89E+00
2752.695439,2.80E+04,6.89E+00
2752.71587,2.34E+04,6.89E+00
2752.736302,1.77E+04,6.89E+00
2752.756734,1.49E+04,6.89E+00
2752.777166,1.83E+04,6.89E+00
2752.797598,2.37E+04,6.89E+00
2752.81803,2.75E+04,6.88E+00
2752.838462,2.87E+04,6.88E+00
2752.858894,2.87E+04,6.88E+00
2752.879325,2.87E+04,6.88E+00
2752.899757,2.88E+04,6.88E+00
2752.920189,2.88E+04,6.88E+00
2752.940621,2.85E+04,6.88E+00
2753.063212,2.52E+04,6.88E+00
2753.124507,2.76E+04,6.88E+00
2753.144939,2.79E+04,6.88E+00
2753.165371,2.90E+04,6.88E+00
2753.185803,3.01E+04,6.88E+00
2753.206235,3.06E+04,6.88E+00
2753.226667,3.07E+04,6.88E+00
2753.247099,3.09E+04,6.88E+00
2753.267531,3.10E+04,6.88E+00
2753.287962,3.11E+04,6.88E+00
2753.308394,3.11E+04,6.88E+00
2753.328826,3.09E+04,6.88E+00
2753.349258,3.07E+04,6.88E+00
2753.36969,3.04E+04,6.88E+00
2753.390122,3.01E+04,6.88E+00
2753.410553,2.97E+04,6.87E+00
2753.430985,2.88E+04,6.87E+00
2753.59444,3.00E+04,6.87E+00
2753.676168,3.14E+04,6.87E+00
2753.696599,3.16E+04,6.87E+00
2753.717031,3.16E+04,6.87E+00
2753.737463,3.16E+04,6.87E+00
2753.757895,3.15E+04,6.87E+00
2753.778327,3.14E+04,6.87E+00
2753.798759,3.11E+04,6.87E+00
2753.81919,3.02E+04,6.87E+00
2753.839622,2.89E+04,6.87E+00
2753.860054,2.77E+04,6.86E+00
2753.880486,2.75E+04,6.86E+00
2753.900918,2.82E+04,6.86E+00
2753.92135,2.92E+04,6.86E+00
2754.084804,3.12E+04,6.86E+00
2754.105236,3.10E+04,6.86E+00
2754.125668,3.07E+04,6.86E+00
2754.1461,3.04E+04,6.86E+00
2754.166532,3.00E+04,6.86E+00
2754.186963,2.76E+04,6.86E+00
2754.207395,2.27E+04,6.86E+00
2754.227827,1.71E+04,6.85E+00
2754.248259,1.53E+04,6.85E+00
2754.268691,1.95E+04,6.85E+00
2754.289123,2.50E+04,6.85E+00
2754.309555,2.87E+04,6.85E+00
2754.329986,2.98E+04,6.85E+00
2754.350418,2.99E+04,6.85E+00
2754.37085,3.00E+04,6.85E+00
2754.391282,3.01E+04,6.85E+00
2754.411714,3.02E+04,6.85E+00
2754.452577,2.98E+04,6.85E+00
2754.473009,2.94E+04,6.85E+00
2754.575168,2.95E+04,6.85E+00
2754.5956,2.82E+04,6.85E+00
2754.616032,2.76E+04,6.85E+00
2754.636464,2.79E+04,6.85E+00
2754.656896,2.90E+04,6.85E+00
2754.677328,2.99E+04,6.85E+00
2754.697759,3.03E+04,6.85E+00
2754.718191,3.03E+04,6.85E+00
2754.738623,3.02E+04,6.85E+00
2754.759055,3.02E+04,6.85E+00
2754.779487,3.00E+04,6.85E+00
2754.799918,2.98E+04,6.85E+00
2754.82035,2.94E+04,6.85E+00
2754.840782,2.90E+04,6.85E+00
2754.861214,2.86E+04,6.84E+00
2754.881646,2.82E+04,6.84E+00
2754.902078,2.78E+04,6.84E+00
2754.922509,2.64E+04,6.84E+00
2754.942941,2.26E+04,6.84E+00
2754.963373,1.74E+04,6.84E+00
2754.983805,1.35E+04,6.84E+00
2755.004237,1.49E+04,6.84E+00
2755.024669,1.94E+04,6.84E+00
2755.065532,3.00E+04,6.84E+00
2755.085964,3.03E+04,6.84E+00
2755.106396,3.05E+04,6.84E+00
2755.126828,3.07E+04,6.84E+00
2755.14726,3.08E+04,6.84E+00
2755.167691,3.09E+04,6.84E+00
2755.188123,3.08E+04,6.84E+00
2755.208555,3.06E+04,6.84E+00
2755.228987,3.04E+04,6.84E+00
2755.249419,3.00E+04,6.84E+00
2755.269851,2.97E+04,6.84E+00
2755.290282,2.92E+04,6.84E+00
2755.310714,2.82E+04,6.84E+00
2755.331146,2.68E+04,6.84E+00
2755.351578,2.57E+04,6.83E+00
2755.37201,2.56E+04,6.83E+00
2755.392441,2.63E+04,6.83E+00
2755.412873,2.72E+04,6.83E+00
2755.433305,2.78E+04,6.83E+00
2755.453737,2.77E+04,6.83E+00
2755.474169,2.75E+04,6.83E+00
2755.494601,2.73E+04,6.83E+00
2755.515032,2.71E+04,6.83E+00
2755.555896,3.10E+04,6.83E+00
2755.576328,3.08E+04,6.83E+00
2755.59676,3.05E+04,6.83E+00
2755.617192,3.02E+04,6.83E+00
2755.637623,2.99E+04,6.83E+00
2755.658055,2.93E+04,6.83E+00
2755.678487,2.65E+04,6.83E+00
2755.698919,2.14E+04,6.83E+00
2755.719351,1.60E+04,6.83E+00
2755.739782,1.51E+04,6.83E+00
2755.760214,1.95E+04,6.83E+00
2755.801078,2.95E+04,6.83E+00
2755.82151,3.04E+04,6.83E+00
2755.841942,3.07E+04,6.83E+00
2755.862373,3.10E+04,6.83E+00
2755.882805,3.13E+04,6.83E+00
2755.903237,3.15E+04,6.83E+00
2755.923669,3.16E+04,6.83E+00
2755.944101,3.16E+04,6.83E+00
2755.964532,3.15E+04,6.82E+00
2755.984964,3.13E+04,6.82E+00
2756.005396,3.11E+04,6.82E+00
2756.025828,3.08E+04,6.82E+00
2756.04626,3.00E+04,6.82E+00
2756.066692,2.88E+04,6.82E+00
2756.087123,2.75E+04,6.82E+00
2756.107555,2.71E+04,6.82E+00
2756.127987,2.76E+04,6.82E+00
2756.148419,2.87E+04,6.82E+00
2756.16885,2.96E+04,6.82E+00
2756.189282,2.99E+04,6.82E+00
2756.209714,3.00E+04,6.82E+00
2756.230146,3.00E+04,6.82E+00
2756.250578,2.99E+04,6.82E+00
2756.27101,2.98E+04,6.82E+00
2756.291441,2.96E+04,6.82E+00
2756.311873,2.94E+04,6.82E+00
2756.332305,2.89E+04,6.82E+00
2756.352737,2.85E+04,6.82E+00
2756.373169,2.80E+04,6.82E+00
2756.3936,2.75E+04,6.82E+00
2756.414032,2.59E+04,6.82E+00
2756.434464,2.18E+04,6.82E+00
2756.454896,1.65E+04,6.82E+00
2756.475328,1.33E+04,6.82E+00
2756.49576,1.56E+04,6.82E+00
2756.536623,2.66E+04,6.81E+00
2756.557055,2.81E+04,6.81E+00
2756.577487,2.81E+04,6.81E+00
2756.597919,2.81E+04,6.81E+00
2756.61835,2.81E+04,6.81E+00
2756.638782,2.79E+04,6.81E+00
2756.659214,2.77E+04,6.81E+00
2756.679646,2.74E+04,6.81E+00
2756.700078,2.70E+04,6.81E+00
2756.720509,2.65E+04,6.81E+00
2756.781805,3.03E+04,6.81E+00
2770.797969,3.24E+04,6.81E+00
2770.8184,3.25E+04,6.81E+00
2770.838832,3.25E+04,6.81E+00
2770.859264,3.24E+04,6.81E+00
2770.879695,3.23E+04,6.81E+00
2770.900127,3.21E+04,6.81E+00
2770.920559,3.18E+04,6.81E+00
2770.940991,3.09E+04,6.81E+00
2770.961422,2.96E+04,6.81E+00
2770.981854,2.87E+04,6.81E+00
2771.002286,2.88E+04,6.81E+00
2771.022717,2.98E+04,6.81E+00
2771.043149,3.10E+04,6.81E+00
2771.063581,3.18E+04,6.81E+00
2771.084012,3.20E+04,6.81E+00
2771.104444,3.21E+04,6.81E+00
2771.124876,3.22E+04,6.81E+00
2771.145307,3.22E+04,6.81E+00
2771.165739,3.22E+04,6.81E+00
2771.186171,3.20E+04,6.80E+00
2771.206602,3.17E+04,6.80E+00
2771.227034,3.14E+04,6.80E+00
2771.247466,3.11E+04,6.80E+00
2771.267897,3.08E+04,6.80E+00
2771.288329,3.03E+04,6.80E+00
2771.308761,2.74E+04,6.80E+00
2771.329192,2.23E+04,6.80E+00
2771.349624,1.68E+04,6.80E+00
2771.370056,1.60E+04,6.80E+00
2771.390487,2.08E+04,6.80E+00
2771.410919,2.62E+04,6.80E+00
2771.431351,2.97E+04,6.80E+00
2771.451783,3.04E+04,6.80E+00
2771.472214,3.07E+04,6.80E+00
2771.492646,3.09E+04,6.80E+00
2771.513078,3.10E+04,6.80E+00
2771.533509,3.11E+04,6.80E+00
2771.553941,3.12E+04,6.80E+00
2771.574373,3.10E+04,6.80E+00
2771.737826,2.72E+04,6.80E+00
2771.758258,2.79E+04,6.80E+00
2771.778689,2.92E+04,6.80E+00
2771.799121,3.01E+04,6.80E+00
2771.819553,3.06E+04,6.80E+00
2771.839985,3.08E+04,6.80E+00
2771.860416,3.09E+04,6.80E+00
2771.880848,3.11E+04,6.80E+00
2771.90128,3.11E+04,6.80E+00
2771.921711,3.11E+04,6.80E+00
2771.942143,3.10E+04,6.80E+00
2771.962575,3.09E+04,6.80E+00
2771.983006,3.06E+04,6.80E+00
2772.003438,3.03E+04,6.80E+00
2772.02387,3.00E+04,6.80E+00
2772.044301,2.84E+04,6.80E+00
2772.064733,2.42E+04,6.79E+00
2772.085165,1.86E+04,6.79E+00
2772.105596,1.52E+04,6.79E+00
2772.126028,1.81E+04,6.79E+00
2772.14646,2.38E+04,6.79E+00
2772.166891,2.83E+04,6.79E+00
2772.187323,3.01E+04,6.79E+00
2772.207755,3.04E+04,6.79E+00
2772.228186,3.07E+04,6.79E+00
2772.248618,3.09E+04,6.79E+00
2772.26905,3.12E+04,6.79E+00
2772.289481,3.13E+04,6.79E+00
2772.309913,3.13E+04,6.79E+00
2772.330345,3.13E+04,6.79E+00
2772.350777,3.12E+04,6.79E+00
2772.371208,3.09E+04,6.79E+00
2772.39164,3.08E+04,6.79E+00
2772.412072,3.04E+04,6.79E+00
2772.432503,2.94E+04,6.79E+00
2772.452935,2.82E+04,6.79E+00
2772.473367,2.75E+04,6.79E+00
2772.493798,2.77E+04,6.79E+00
2772.51423,2.89E+04,6.79E+00
2772.534662,3.01E+04,6.79E+00
2772.555093,3.09E+04,6.79E+00
2772.718547,3.12E+04,6.79E+00
2772.738978,3.11E+04,6.79E+00
2772.75941,3.09E+04,6.79E+00
2772.779842,3.03E+04,6.79E+00
2772.800273,2.71E+04,6.79E+00
2772.820705,2.17E+04,6.79E+00
2772.841137,1.65E+04,6.79E+00
2772.861568,1.66E+04,6.79E+00
2772.882,2.20E+04,6.79E+00
2772.902432,2.74E+04,6.79E+00
2772.922863,3.06E+04,6.79E+00
2772.943295,3.12E+04,6.79E+00
2772.963727,3.15E+04,6.79E+00
2772.984158,3.18E+04,6.78E+00
2773.00459,3.20E+04,6.78E+00
2773.025022,3.22E+04,6.78E+00
2773.045454,3.23E+04,6.78E+00
2773.065885,3.23E+04,6.78E+00
2773.086317,3.22E+04,6.78E+00
2773.106749,3.20E+04,6.78E+00
2773.12718,3.19E+04,6.78E+00
2773.147612,3.16E+04,6.78E+00
2773.168044,3.09E+04,6.78E+00
2773.188475,2.97E+04,6.78E+00
2773.208907,2.85E+04,6.78E+00
2773.229339,2.83E+04,6.78E+00
2773.24977,2.92E+04,6.78E+00
2773.270202,3.04E+04,6.78E+00
2773.290634,3.15E+04,6.78E+00
2773.311065,3.19E+04,6.78E+00
2773.331497,3.21E+04,6.78E+00
2773.351929,3.23E+04,6.78E+00
2773.37236,3.24E+04,6.78E+00
2773.392792,3.25E+04,6.78E+00
2773.413224,3.24E+04,6.78E+00
2773.433655,3.23E+04,6.78E+00
2773.454087,3.21E+04,6.78E+00
2773.474519,3.18E+04,6.78E+00
2773.49495,3.15E+04,6.78E+00
2773.515382,3.11E+04,6.78E+00
2773.535814,2.90E+04,6.78E+00
2773.556245,2.44E+04,6.78E+00
2773.576677,1.84E+04,6.78E+00
2773.597109,1.56E+04,6.78E+00
2773.61754,1.92E+04,6.78E+00
2773.637972,2.47E+04,6.78E+00
2773.658404,2.88E+04,6.78E+00
2773.678836,3.02E+04,6.78E+00
2773.699267,3.04E+04,6.78E+00
2773.719699,3.05E+04,6.78E+00
2773.740131,3.07E+04,6.78E+00
2773.760562,3.08E+04,6.78E+00
2773.780994,3.09E+04,6.77E+00
2773.801426,3.09E+04,6.77E+00
2773.821857,3.08E+04,6.77E+00
2773.842289,3.07E+04,6.77E+00
2773.862721,3.05E+04,6.77E+00
2773.883152,3.03E+04,6.77E+00
2773.903584,2.99E+04,6.77E+00
2773.924016,2.88E+04,6.77E+00
2773.944447,2.75E+04,6.77E+00
2773.964879,2.68E+04,6.77E+00
2773.985311,2.70E+04,6.77E+00
2774.005742,2.80E+04,6.77E+00
2774.026174,2.90E+04,6.77E+00
2774.189627,3.06E+04,6.77E+00
2774.210059,3.04E+04,6.77E+00
2774.230491,3.02E+04,6.77E+00
2774.250922,3.01E+04,6.77E+00
2774.271354,2.93E+04,6.77E+00
2774.291786,2.58E+04,6.77E+00
2774.312217,2.04E+04,6.77E+00
2774.332649,1.58E+04,6.77E+00
2774.353081,1.69E+04,6.77E+00
2774.373512,2.24E+04,6.77E+00
2774.393944,2.75E+04,6.77E+00
2774.414376,3.02E+04,6.77E+00
2774.434807,3.07E+04,6.77E+00
2774.455239,3.11E+04,6.77E+00
2774.475671,3.13E+04,6.77E+00
2774.496102,3.16E+04,6.77E+00
2774.516534,3.18E+04,6.77E+00
2774.639124,3.14E+04,6.77E+00
2774.700419,2.83E+04,6.77E+00
2774.720851,2.82E+04,6.77E+00
2774.741282,2.90E+04,6.77E+00
2774.761714,3.02E+04,6.77E+00
2774.782146,3.11E+04,6.77E+00
2774.802577,3.13E+04,6.77E+00
2774.823009,3.14E+04,6.77E+00
2774.843441,3.15E+04,6.77E+00
2774.863872,3.16E+04,6.77E+00
2774.884304,3.16E+04,6.77E+00
2774.904736,3.16E+04,6.77E+00
2774.925167,3.14E+04,6.77E+00
2774.945599,3.12E+04,6.77E+00
2774.966031,3.09E+04,6.77E+00
2774.986462,3.06E+04,6.77E+00
2775.006894,3.02E+04,6.77E+00
2775.027326,2.78E+04,6.77E+00
2775.047757,2.28E+04,6.77E+00
2775.068189,1.72E+04,6.77E+00
2775.088621,1.54E+04,6.77E+00
2775.109052,1.97E+04,6.77E+00
2775.129484,2.52E+04,6.77E+00
2775.149916,2.89E+04,6.77E+00
2775.170348,3.00E+04,6.77E+00
2775.190779,3.02E+04,6.77E+00
2775.211211,3.03E+04,6.77E+00
2775.231643,3.05E+04,6.77E+00
2775.252074,3.06E+04,6.77E+00
2775.415528,2.81E+04,6.77E+00
2775.435959,2.68E+04,6.77E+00
2775.456391,2.63E+04,6.77E+00
2775.476823,2.66E+04,6.77E+00
2775.497254,2.76E+04,6.77E+00
2775.660708,3.16E+04,6.76E+00
2775.681139,3.16E+04,6.76E+00
2775.701571,3.14E+04,6.76E+00
2775.722003,3.11E+04,6.76E+00
2775.742434,3.09E+04,6.76E+00
2775.762866,2.97E+04,6.76E+00
2775.783298,2.57E+04,6.76E+00
2775.803729,2.00E+04,6.76E+00
2775.824161,1.59E+04,6.76E+00
2775.844593,1.80E+04,6.76E+00
2775.865024,2.38E+04,6.76E+00
2775.885456,2.87E+04,6.76E+00
2775.905888,3.11E+04,6.76E+00
2775.926319,3.15E+04,6.76E+00
2775.946751,3.18E+04,6.76E+00
2775.967182,3.21E+04,6.76E+00
2775.987614,3.23E+04,6.76E+00
2776.008046,3.25E+04,6.76E+00
2776.028477,3.25E+04,6.76E+00
2776.048909,3.25E+04,6.76E+00
2776.069341,3.23E+04,6.76E+00
2776.089773,3.21E+04,6.76E+00
2776.110204,3.20E+04,6.76E+00
2776.130636,3.16E+04,6.76E+00
2776.151068,3.07E+04,6.76E+00
2776.171499,2.94E+04,6.76E+00
2776.191931,2.85E+04,6.76E+00
2776.212363,2.86E+04,6.76E+00
2776.232794,2.96E+04,6.76E+00
2776.253226,3.08E+04,6.76E+00
2776.273658,3.16E+04,6.76E+00
2776.294089,3.19E+04,6.76E+00
2776.314521,3.20E+04,6.76E+00
2776.334953,3.22E+04,6.76E+00
2776.355384,3.23E+04,6.76E+00
2776.375816,3.23E+04,6.76E+00
2776.396248,3.22E+04,6.76E+00
2776.416679,3.21E+04,6.76E+00
2776.437111,3.19E+04,6.76E+00
2776.457543,3.16E+04,6.76E+00
2776.477974,3.13E+04,6.76E+00
2776.498406,3.09E+04,6.76E+00
2776.518838,2.80E+04,6.76E+00
2776.539269,2.27E+04,6.76E+00
2776.559701,1.72E+04,6.76E+00
2776.580133,1.64E+04,6.76E+00
2776.661859,3.14E+04,6.76E+00
2776.682291,3.17E+04,6.76E+00
2776.702723,3.21E+04,6.76E+00
2776.723154,3.23E+04,6.76E+00
2776.743586,3.25E+04,6.76E+00
2776.764017,3.26E+04,6.76E+00
2776.784449,3.26E+04,6.76E+00
2776.804881,3.25E+04,6.76E+00
2776.825312,3.24E+04,6.76E+00
2776.845744,3.22E+04,6.76E+00
2776.866176,3.20E+04,6.75E+00
2776.886607,3.13E+04,6.75E+00
2776.907039,3.01E+04,6.75E+00
2776.927471,2.89E+04,6.75E+00
2776.947903,2.85E+04,6.75E+00
2776.968334,2.91E+04,6.75E+00
2776.988766,3.03E+04,6.75E+00
2777.009198,3.13E+04,6.75E+00
2777.029629,3.17E+04,6.75E+00
2777.050061,3.19E+04,6.75E+00
2777.070493,3.20E+04,6.75E+00
2777.090924,3.22E+04,6.75E+00
2777.111356,3.22E+04,6.75E+00
2777.131787,3.22E+04,6.75E+00
2777.152219,3.21E+04,6.75E+00
2777.172651,3.19E+04,6.75E+00
2777.193082,3.17E+04,6.75E+00
2777.213514,3.14E+04,6.75E+00
2777.233946,3.11E+04,6.75E+00
2777.254377,2.95E+04,6.75E+00
2777.274809,2.51E+04,6.75E+00
2777.295241,1.93E+04,6.75E+00
2777.315672,1.58E+04,6.75E+00
2777.336104,1.88E+04,6.75E+00
2777.356536,2.47E+04,6.75E+00
2777.376967,2.93E+04,6.75E+00
2777.397399,3.12E+04,6.75E+00
2777.417831,3.15E+04,6.75E+00
2777.438262,3.18E+04,6.75E+00
2777.458694,3.21E+04,6.75E+00
2777.479126,3.23E+04,6.75E+00
2777.499557,3.25E+04,6.75E+00
2777.519989,3.25E+04,6.75E+00
2777.540421,3.24E+04,6.75E+00
2777.560852,3.23E+04,6.75E+00
2777.581284,3.22E+04,6.75E+00
2777.601716,3.20E+04,6.75E+00
2777.622147,3.16E+04,6.75E+00
2777.642579,3.06E+04,6.75E+00
2777.663011,2.93E+04,6.75E+00
2777.683442,2.84E+04,6.75E+00
2777.703874,2.87E+04,6.75E+00
2777.724306,2.98E+04,6.75E+00
2777.744737,3.10E+04,6.75E+00
2777.765169,3.18E+04,6.75E+00
2777.785601,3.20E+04,6.75E+00
2777.806032,3.22E+04,6.75E+00
2777.826464,3.23E+04,6.75E+00
2777.846896,3.24E+04,6.75E+00
2777.867327,3.25E+04,6.75E+00
2777.887759,3.24E+04,6.75E+00
2777.908191,3.22E+04,6.75E+00
2777.928622,3.19E+04,6.75E+00
2777.949054,3.16E+04,6.75E+00
2777.969486,3.14E+04,6.75E+00
2777.989917,3.07E+04,6.75E+00
2778.010349,2.74E+04,6.75E+00
2778.030781,2.19E+04,6.74E+00
2778.051212,1.66E+04,6.74E+00
2778.071644,1.68E+04,6.74E+00
2778.092076,2.21E+04,6.74E+00
2778.112507,2.76E+04,6.74E+00
2778.132939,3.07E+04,6.74E+00
2778.153371,3.14E+04,6.74E+00
2778.173802,3.17E+04,6.74E+00
2778.194234,3.20E+04,6.74E+00
2778.214666,3.22E+04,6.74E+00
2778.235097,3.24E+04,6.74E+00
2778.255529,3.24E+04,6.74E+00
2778.275961,3.28E+04,6.74E+00
2778.296392,3.23E+04,6.74E+00
2778.316824,3.22E+04,6.74E+00
2778.337256,3.20E+04,6.74E+00
2778.357687,3.19E+04,6.74E+00
2778.378119,3.11E+04,6.74E+00
2778.398551,2.99E+04,6.74E+00
2778.418982,2.87E+04,6.74E+00
2778.439414,2.85E+04,6.74E+00
2778.602867,3.24E+04,6.74E+00
2778.623299,3.24E+04,6.74E+00
2778.643731,3.23E+04,6.74E+00
2778.664162,3.21E+04,6.74E+00
2778.684594,3.18E+04,6.74E+00
2778.705025,3.15E+04,6.74E+00
2778.725457,3.12E+04,6.74E+00
2778.745889,2.91E+04,6.74E+00
2778.76632,2.44E+04,6.74E+00
2778.786752,1.85E+04,6.74E+00
2778.807184,1.58E+04,6.74E+00
2778.827615,1.96E+04,6.74E+00
2778.848047,2.54E+04,6.74E+00
2778.868479,2.96E+04,6.74E+00
2778.888911,3.11E+04,6.74E+00
2778.909342,3.14E+04,6.74E+00
2778.929774,3.17E+04,6.74E+00
2778.950205,3.19E+04,6.74E+00
2778.970637,3.21E+04,6.74E+00
2778.991069,3.22E+04,6.74E+00
2779.0115,3.21E+04,6.74E+00
2779.031932,3.21E+04,6.74E+00
2779.052364,3.19E+04,6.74E+00
2779.072795,3.17E+04,6.74E+00
2779.093227,3.15E+04,6.74E+00
2779.113659,3.11E+04,6.74E+00
2779.13409,3.00E+04,6.74E+00
2779.154522,2.87E+04,6.74E+00
2779.174954,2.80E+04,6.74E+00
2779.195385,2.84E+04,6.74E+00
2779.215817,2.96E+04,6.74E+00
2779.236249,3.08E+04,6.74E+00
2779.25668,3.14E+04,6.74E+00
2779.277112,3.16E+04,6.73E+00
2779.297544,3.17E+04,6.73E+00
2779.317975,3.19E+04,6.73E+00
2779.338407,3.19E+04,6.73E+00
2779.358839,3.15E+04,6.73E+00
2779.37927,3.12E+04,6.73E+00
2779.399702,3.10E+04,6.73E+00
2779.420134,3.07E+04,6.73E+00
2779.440565,3.05E+04,6.73E+00
2779.460997,3.02E+04,6.73E+00
2779.481429,2.94E+04,6.73E+00
2779.50186,2.58E+04,6.73E+00
2779.522292,2.04E+04,6.73E+00
2779.542724,1.57E+04,6.73E+00
2779.563155,1.69E+04,6.73E+00
2779.583587,2.24E+04,6.73E+00
2779.604019,2.75E+04,6.73E+00
2779.62445,3.02E+04,6.73E+00
2779.644882,3.07E+04,6.73E+00
2779.665314,3.09E+04,6.73E+00
2779.685745,3.11E+04,6.73E+00
2779.706177,3.13E+04,6.73E+00
2779.726609,3.14E+04,6.73E+00
2779.74704,3.13E+04,6.73E+00
2779.767472,3.12E+04,6.73E+00
2779.787903,3.11E+04,6.73E+00
2779.808335,3.09E+04,6.73E+00
2779.828767,3.06E+04,6.73E+00
2779.849198,3.04E+04,6.73E+00
2779.86963,2.95E+04,6.73E+00
2779.890062,2.83E+04,6.73E+00
2779.910494,2.71E+04,6.73E+00
2779.930925,2.70E+04,6.73E+00
2779.951357,2.79E+04,6.73E+00
2779.971789,2.90E+04,6.73E+00
2779.99222,2.98E+04,6.73E+00
2780.012652,3.01E+04,6.73E+00
2780.033084,3.03E+04,6.73E+00
2780.053515,3.05E+04,6.73E+00
2780.073947,3.06E+04,6.73E+00
2780.094379,3.07E+04,6.73E+00
2780.11481,3.06E+04,6.73E+00
2780.135242,3.03E+04,6.73E+00
2780.155674,2.99E+04,6.73E+00
2780.176105,2.95E+04,6.73E+00
2780.196537,2.91E+04,6.73E+00
2780.216968,2.87E+04,6.73E+00
2780.2374,2.64E+04,6.73E+00
2780.257832,2.17E+04,6.73E+00
2780.278263,1.64E+04,6.72E+00
2780.319127,2.04E+04,6.72E+00
2780.339558,2.62E+04,6.72E+00
2780.35999,3.02E+04,6.72E+00
2780.380422,3.14E+04,6.72E+00
2780.400853,3.17E+04,6.72E+00
2780.584738,3.15E+04,6.72E+00
2780.60517,3.09E+04,6.72E+00
2780.625602,2.98E+04,6.72E+00
2780.646033,2.85E+04,6.72E+00
2780.666465,2.80E+04,6.72E+00
2780.686897,2.85E+04,6.72E+00
2780.707328,2.98E+04,6.72E+00
2780.72776,3.08E+04,6.72E+00
2780.748192,3.14E+04,6.72E+00
2780.768623,3.15E+04,6.72E+00
2780.789055,3.16E+04,6.72E+00
2780.809487,3.17E+04,6.72E+00
2780.829918,3.18E+04,6.72E+00
2780.85035,3.18E+04,6.72E+00
2780.870782,3.17E+04,6.72E+00
2780.891213,3.15E+04,6.72E+00
2780.911645,3.12E+04,6.72E+00
2780.932077,3.09E+04,6.72E+00
2780.952508,3.06E+04,6.72E+00
2780.97294,2.94E+04,6.72E+00
2780.993372,2.54E+04,6.72E+00
2781.013803,1.98E+04,6.72E+00
2781.034235,1.56E+04,6.72E+00
2781.054666,1.76E+04,6.72E+00
2781.075098,2.32E+04,6.72E+00
2781.09553,2.80E+04,6.72E+00
2781.115962,3.02E+04,6.72E+00
2781.136393,3.05E+04,6.72E+00
2781.156825,3.07E+04,6.72E+00
2781.177257,3.10E+04,6.72E+00
2781.197688,3.12E+04,6.72E+00
2781.21812,3.13E+04,6.72E+00
2781.238551,3.12E+04,6.72E+00
2781.258983,3.11E+04,6.72E+00
2781.279415,3.09E+04,6.72E+00
2781.299846,3.07E+04,6.72E+00
2781.320278,3.05E+04,6.72E+00
2781.34071,3.01E+04,6.72E+00
2781.361141,2.91E+04,6.72E+00
2781.381573,2.78E+04,6.72E+00
2781.402005,2.68E+04,6.72E+00
2781.422436,2.68E+04,6.71E+00
2781.442868,2.77E+04,6.71E+00
2781.4633,2.87E+04,6.71E+00
2781.483731,2.93E+04,6.71E+00
2781.504163,2.93E+04,6.71E+00
2781.545026,3.24E+04,6.71E+00
2781.565458,3.26E+04,6.71E+00
2781.58589,3.26E+04,6.71E+00
2781.606321,3.26E+04,6.71E+00
2781.626753,3.24E+04,6.71E+00
2781.647185,3.22E+04,6.71E+00
2781.667616,3.19E+04,6.71E+00
2781.688048,3.16E+04,6.71E+00
2781.70848,3.11E+04,6.71E+00
2781.728911,2.82E+04,6.71E+00
2781.749343,2.28E+04,6.71E+00
2781.769775,1.72E+04,6.71E+00
2781.790206,1.63E+04,6.71E+00
2781.810638,2.12E+04,6.71E+00
2781.831069,2.67E+04,6.71E+00
2781.851501,3.02E+04,6.71E+00
2781.871933,3.10E+04,6.71E+00
2781.892364,3.12E+04,6.71E+00
2781.912796,3.15E+04,6.71E+00
2781.933228,3.15E+04,6.71E+00
2781.95366,3.16E+04,6.71E+00
2781.974091,3.14E+04,6.71E+00
2781.994523,3.13E+04,6.71E+00
2782.014955,3.09E+04,6.71E+00
2782.035386,3.05E+04,6.71E+00
2782.055818,3.01E+04,6.71E+00
2782.07625,2.97E+04,6.71E+00
2782.096681,2.88E+04,6.71E+00
2782.117113,2.75E+04,6.71E+00
2782.280566,3.20E+04,6.71E+00
2782.300998,3.22E+04,6.71E+00
2782.321429,3.24E+04,6.71E+00
2782.341861,3.25E+04,6.71E+00
2782.362293,3.24E+04,6.71E+00
2782.382724,3.23E+04,6.71E+00
2782.403156,3.19E+04,6.71E+00
2782.423588,3.16E+04,6.71E+00
2782.444019,3.13E+04,6.71E+00
2782.525746,1.53E+04,6.71E+00
2782.546178,1.82E+04,6.71E+00
2782.566609,2.38E+04,6.71E+00
2782.587041,2.82E+04,6.70E+00
2782.607473,3.00E+04,6.70E+00
2782.627904,3.02E+04,6.70E+00
2782.648336,3.04E+04,6.70E+00
2782.668768,3.06E+04,6.70E+00
2782.689199,3.07E+04,6.70E+00
2782.770926,3.20E+04,6.70E+00
2782.791358,3.19E+04,6.70E+00
2782.811789,3.18E+04,6.70E+00
2782.832221,3.15E+04,6.70E+00
2782.852653,3.06E+04,6.70E+00
2782.873084,2.94E+04,6.70E+00
2782.893516,2.86E+04,6.70E+00
2782.913948,2.88E+04,6.70E+00
2782.934379,2.99E+04,6.70E+00
2782.954811,3.11E+04,6.70E+00
2782.975243,3.19E+04,6.70E+00
2782.995674,3.21E+04,6.70E+00
2783.016106,3.23E+04,6.70E+00
2783.036538,3.24E+04,6.70E+00
2783.056969,3.25E+04,6.70E+00
2783.077401,3.25E+04,6.70E+00
2783.097833,3.24E+04,6.70E+00
2783.118264,3.22E+04,6.70E+00
2783.138696,3.19E+04,6.70E+00
2783.159128,3.15E+04,6.70E+00
2783.179559,3.12E+04,6.70E+00
2783.199991,3.04E+04,6.70E+00
2783.220423,2.71E+04,6.70E+00
2783.240854,2.16E+04,6.70E+00
2783.261286,1.63E+04,6.70E+00
2783.281717,1.64E+04,6.70E+00
2783.302149,2.15E+04,6.70E+00
2783.322581,2.66E+04,6.70E+00
2783.343012,2.97E+04,6.70E+00
2783.363444,3.01E+04,6.70E+00
2783.383876,3.02E+04,6.70E+00
2783.404307,3.02E+04,6.70E+00
2783.506466,3.21E+04,6.70E+00
2783.526897,3.21E+04,6.69E+00
2783.547329,3.22E+04,6.69E+00
2783.567761,3.20E+04,6.69E+00
2783.588192,3.12E+04,6.69E+00
2783.608624,3.00E+04,6.69E+00
2783.629056,2.88E+04,6.69E+00
2783.649487,2.86E+04,6.69E+00
2783.669919,2.93E+04,6.69E+00
2783.690351,3.05E+04,6.69E+00
2783.710782,3.13E+04,6.69E+00
2783.731214,3.15E+04,6.69E+00
2783.751646,3.15E+04,6.69E+00
2783.772077,3.13E+04,6.69E+00
2783.792509,3.10E+04,6.69E+00
2783.812941,3.09E+04,6.69E+00
2783.833372,3.06E+04,6.69E+00
2783.853804,3.01E+04,6.69E+00
2783.874236,2.96E+04,6.69E+00
2783.894667,2.85E+04,6.69E+00
2783.915099,2.75E+04,6.69E+00
2783.996826,1.82E+04,6.69E+00
2784.017257,1.58E+04,6.69E+00
2784.037689,1.97E+04,6.69E+00
2784.058121,2.57E+04,6.69E+00
2784.078552,3.00E+04,6.69E+00
2784.098984,3.13E+04,6.69E+00
2784.119416,3.13E+04,6.69E+00
2784.139847,3.12E+04,6.69E+00
2784.160279,3.12E+04,6.69E+00
2784.180711,3.11E+04,6.69E+00
2784.201142,3.09E+04,6.69E+00
2784.221574,3.06E+04,6.69E+00
2784.242006,3.01E+04,6.69E+00
2784.262437,2.95E+04,6.69E+00
2784.282869,2.87E+04,6.69E+00
2784.303301,2.78E+04,6.69E+00
2784.323732,2.61E+04,6.69E+00
2784.344164,2.40E+04,6.69E+00
2784.364596,2.16E+04,6.69E+00
2784.385027,1.97E+04,6.69E+00
2784.405459,1.79E+04,6.69E+00
2784.425891,1.72E+04,6.69E+00
2784.446322,1.66E+04,6.69E+00
2784.487186,3.23E+04,6.68E+00
2784.507617,3.24E+04,6.68E+00
2784.528049,3.25E+04,6.68E+00
2784.548481,3.25E+04,6.68E+00
2784.568912,3.24E+04,6.68E+00
2784.589344,3.21E+04,6.68E+00
2784.732366,1.89E+04,6.68E+00
2784.752797,1.47E+04,6.68E+00
2784.773229,1.61E+04,6.68E+00
2784.793661,2.16E+04,6.68E+00
2784.814092,2.68E+04,6.68E+00
2784.834524,2.97E+04,6.68E+00
2784.854956,3.04E+04,6.68E+00
2784.875387,3.12E+04,6.68E+00
2784.895819,3.18E+04,6.68E+00
2784.916251,3.22E+04,6.68E+00
2784.936682,3.26E+04,6.68E+00
2784.957114,3.28E+04,6.68E+00
2784.977546,3.28E+04,6.68E+00
2784.997977,3.27E+04,6.68E+00
2785.018409,3.25E+04,6.68E+00
2785.03884,3.21E+04,6.68E+00
2785.059272,3.15E+04,6.68E+00
2785.222725,3.18E+04,6.68E+00
2785.243157,3.23E+04,6.68E+00
2785.263589,3.25E+04,6.68E+00
2785.28402,3.27E+04,6.68E+00
2785.304452,3.26E+04,6.68E+00
2785.467906,2.35E+04,6.68E+00
2785.488337,1.79E+04,6.68E+00
2785.508769,1.62E+04,6.68E+00
2785.529201,2.07E+04,6.68E+00
2785.549632,2.64E+04,6.68E+00
2785.713085,2.89E+04,6.68E+00
2785.733517,2.80E+04,6.68E+00
2785.753949,2.72E+04,6.68E+00
2785.77438,2.62E+04,6.67E+00
2785.794812,2.49E+04,6.67E+00
2785.815244,2.30E+04,6.67E+00
2785.835675,2.10E+04,6.67E+00
2785.856107,1.89E+04,6.67E+00
2785.876539,1.71E+04,6.67E+00
2785.89697,1.59E+04,6.67E+00
2785.917402,1.55E+04,6.67E+00
2785.958265,3.07E+04,6.67E+00
2785.978697,3.03E+04,6.67E+00
2785.999129,3.01E+04,6.67E+00
2786.019561,2.97E+04,6.67E+00
2786.039992,2.87E+04,6.67E+00
2786.060424,2.78E+04,6.67E+00
2786.080855,2.66E+04,6.67E+00
2786.101287,2.52E+04,6.67E+00
2786.121719,2.30E+04,6.67E+00
2786.14215,2.14E+04,6.67E+00
2786.162582,1.98E+04,6.67E+00
2786.203445,2.55E+04,6.67E+00
2786.223877,1.96E+04,6.67E+00
2786.244309,1.53E+04,6.67E+00
2786.26474,1.70E+04,6.67E+00
2786.285172,2.19E+04,6.67E+00
2786.305604,2.59E+04,6.67E+00
2786.326035,2.72E+04,6.67E+00
2786.346467,2.61E+04,6.67E+00
2786.469057,3.28E+04,6.67E+00
2786.489489,3.27E+04,6.67E+00
2786.50992,3.25E+04,6.67E+00
2786.530352,3.22E+04,6.67E+00
2786.550784,3.18E+04,6.67E+00
2786.571215,3.06E+04,6.67E+00
2786.591647,2.92E+04,6.67E+00
2786.612079,2.81E+04,6.67E+00
2786.63251,2.79E+04,6.67E+00
2786.652942,2.87E+04,6.67E+00
2786.673374,2.97E+04,6.67E+00
2786.693806,3.02E+04,6.66E+00
2786.714237,3.00E+04,6.66E+00
2786.734669,2.99E+04,6.66E+00
2786.755101,2.97E+04,6.66E+00
2786.775532,2.92E+04,6.66E+00
2786.938986,2.77E+04,6.66E+00
2786.959417,2.24E+04,6.66E+00
2786.979849,1.67E+04,6.66E+00
2787.000281,1.57E+04,6.66E+00
2787.020712,2.03E+04,6.66E+00
2787.041144,2.53E+04,6.66E+00
2787.061576,2.84E+04,6.66E+00
2787.082007,2.86E+04,6.66E+00
2787.102439,2.83E+04,6.66E+00
2787.184166,3.25E+04,6.66E+00
2787.204597,3.23E+04,6.66E+00
2787.225029,3.19E+04,6.66E+00
2787.24546,3.15E+04,6.66E+00
2787.265892,3.11E+04,6.66E+00
2787.429346,3.15E+04,6.66E+00
2787.449777,3.17E+04,6.66E+00
2787.470209,3.17E+04,6.66E+00
2787.490641,3.15E+04,6.66E+00
2787.511072,3.12E+04,6.66E+00
2787.674526,3.00E+04,6.66E+00
2787.694957,2.56E+04,6.66E+00
2787.715389,1.96E+04,6.66E+00
2787.735821,1.59E+04,6.66E+00
2787.756252,1.89E+04,6.66E+00
2787.776684,2.43E+04,6.66E+00
2787.797116,2.86E+04,6.66E+00
2787.817547,3.02E+04,6.66E+00
2787.919706,3.26E+04,6.66E+00
2787.940137,3.24E+04,6.66E+00
2787.960569,3.21E+04,6.66E+00
2787.981001,3.15E+04,6.66E+00
2788.001432,3.10E+04,6.66E+00
2788.164886,3.12E+04,6.66E+00
2788.185317,3.17E+04,6.66E+00
2788.205749,3.16E+04,6.65E+00
2788.226181,3.14E+04,6.65E+00
2788.246612,3.11E+04,6.65E+00
2788.430498,2.64E+04,6.65E+00
2788.450929,2.13E+04,6.65E+00
2788.471361,1.63E+04,6.65E+00
2788.491793,1.67E+04,6.65E+00
2788.512224,2.22E+04,6.65E+00
2788.532656,2.77E+04,6.65E+00
2788.553088,3.11E+04,6.65E+00
2788.573519,3.18E+04,6.65E+00
2788.593951,3.21E+04,6.65E+00
2788.614383,3.24E+04,6.65E+00
2788.634814,3.26E+04,6.65E+00
2788.655246,3.26E+04,6.65E+00
2788.675678,3.24E+04,6.65E+00
2788.696109,3.22E+04,6.65E+00
2788.716541,3.19E+04,6.65E+00
2788.736973,3.14E+04,6.65E+00
2788.900426,3.08E+04,6.65E+00
2788.920858,3.19E+04,6.65E+00
2788.941289,3.23E+04,6.65E+00
2788.961721,3.24E+04,6.65E+00
2788.982153,3.24E+04,6.65E+00
2789.002584,3.24E+04,6.65E+00
2789.023016,3.22E+04,6.65E+00
2789.043448,3.18E+04,6.65E+00
2789.145606,3.14E+04,6.65E+00
2789.166038,2.95E+04,6.65E+00
2789.186469,2.48E+04,6.65E+00
2789.206901,1.89E+04,6.65E+00
2789.227333,1.61E+04,6.65E+00
2789.247764,1.98E+04,6.65E+00
2789.268196,2.56E+04,6.65E+00
2789.288628,2.96E+04,6.65E+00
2789.30906,3.08E+04,6.65E+00
2789.329491,3.08E+04,6.65E+00
2789.349923,3.07E+04,6.65E+00
2789.370355,3.07E+04,6.65E+00
2789.390786,3.04E+04,6.65E+00
2789.411218,3.00E+04,6.65E+00
2789.43165,2.96E+04,6.64E+00
2789.452081,2.90E+04,6.64E+00
2789.472513,2.81E+04,6.64E+00
2789.492945,2.73E+04,6.64E+00
2789.513376,2.61E+04,6.64E+00
2789.533808,2.47E+04,6.64E+00
2789.55424,2.30E+04,6.64E+00
2789.574671,2.07E+04,6.64E+00
2789.595103,1.91E+04,6.64E+00
2789.635966,2.93E+04,6.64E+00
2789.656398,3.01E+04,6.64E+00
2789.67683,3.05E+04,6.64E+00
2789.697261,3.01E+04,6.64E+00
2789.717693,2.99E+04,6.64E+00
2789.738125,2.96E+04,6.64E+00
2789.758556,2.88E+04,6.64E+00
2789.778988,2.83E+04,6.64E+00
2789.79942,2.74E+04,6.64E+00
2789.881147,3.14E+04,6.64E+00
2789.901578,3.07E+04,6.64E+00
2789.92201,2.71E+04,6.64E+00
2789.942442,2.14E+04,6.64E+00
2789.962873,1.65E+04,6.64E+00
2790.126327,2.83E+04,6.64E+00
2790.146758,2.93E+04,6.64E+00
2790.16719,3.01E+04,6.64E+00
2790.187622,3.06E+04,6.64E+00
2790.208053,3.12E+04,6.64E+00
2790.228485,3.15E+04,6.64E+00
2790.248917,3.17E+04,6.64E+00
2790.269348,3.19E+04,6.64E+00
2790.28978,3.12E+04,6.64E+00
2790.371507,2.98E+04,6.64E+00
2790.391939,3.10E+04,6.64E+00
2790.41237,3.19E+04,6.64E+00
2790.432802,3.20E+04,6.64E+00
2790.453234,3.20E+04,6.64E+00
2790.473665,3.20E+04,6.64E+00
2790.494097,3.18E+04,6.64E+00
2790.514529,3.18E+04,6.64E+00
2790.53496,3.14E+04,6.64E+00
2790.555392,3.11E+04,6.64E+00
2790.616687,3.20E+04,6.64E+00
2790.637119,3.16E+04,6.64E+00
2790.65755,2.90E+04,6.64E+00
2790.677982,2.38E+04,6.64E+00
2790.698414,1.79E+04,6.64E+00
2790.861867,3.20E+04,6.64E+00
2790.882299,3.19E+04,6.63E+00
2790.902731,3.17E+04,6.63E+00
2790.923162,3.15E+04,6.63E+00
2790.943594,3.11E+04,6.63E+00
2791.107048,2.89E+04,6.63E+00
2791.127479,3.03E+04,6.63E+00
2791.147911,3.17E+04,6.63E+00
2791.168343,3.23E+04,6.63E+00
2791.188774,3.25E+04,6.63E+00
2791.209206,3.26E+04,6.63E+00
2791.229638,3.27E+04,6.63E+00
2791.250069,3.26E+04,6.63E+00
2791.270501,3.23E+04,6.63E+00
2791.290933,3.20E+04,6.63E+00
2791.311364,3.14E+04,6.63E+00
2791.331796,3.09E+04,6.63E+00
2791.352228,3.04E+04,6.63E+00
2791.372659,2.98E+04,6.63E+00
2791.393091,2.83E+04,6.63E+00
2791.413523,2.42E+04,6.63E+00
2791.433955,1.85E+04,6.63E+00
2791.597408,3.23E+04,6.63E+00
2791.61784,3.22E+04,6.63E+00
2791.638271,3.20E+04,6.63E+00
2791.658703,3.17E+04,6.63E+00
2791.679135,3.13E+04,6.63E+00
2791.842588,2.90E+04,6.63E+00
2791.86302,3.02E+04,6.63E+00
2791.883452,3.14E+04,6.63E+00
2791.903883,3.21E+04,6.63E+00
2791.924315,3.21E+04,6.63E+00
2791.944747,3.19E+04,6.63E+00
2791.965178,3.16E+04,6.63E+00
2791.98561,3.14E+04,6.63E+00
2792.006042,3.11E+04,6.63E+00
2792.026474,3.04E+04,6.63E+00
2792.087769,3.20E+04,6.63E+00
2792.1082,3.16E+04,6.63E+00
2792.128632,3.06E+04,6.63E+00
2792.149064,2.75E+04,6.63E+00
2792.169495,2.20E+04,6.63E+00
2792.332949,3.23E+04,6.63E+00
2792.353381,3.25E+04,6.63E+00
2792.373812,3.26E+04,6.63E+00
2792.394244,3.25E+04,6.63E+00
2792.414676,3.24E+04,6.63E+00
2792.578129,2.83E+04,6.62E+00
2792.598561,2.93E+04,6.62E+00
2792.618993,3.08E+04,6.62E+00
2792.639424,3.20E+04,6.62E+00
2792.659856,3.26E+04,6.62E+00
2792.680288,3.27E+04,6.62E+00
2792.700719,3.29E+04,6.62E+00
2792.721151,3.29E+04,6.62E+00
2792.741583,3.28E+04,6.62E+00
2792.762014,3.26E+04,6.62E+00
2792.782446,3.22E+04,6.62E+00
2792.802878,3.17E+04,6.62E+00
2792.82331,3.11E+04,6.62E+00
2792.843741,3.06E+04,6.62E+00
2792.864173,2.99E+04,6.62E+00
2792.884605,2.80E+04,6.62E+00
2792.905036,2.36E+04,6.62E+00
2793.06849,3.14E+04,6.62E+00
2793.088922,3.12E+04,6.62E+00
2793.109353,3.12E+04,6.62E+00
2793.129785,3.10E+04,6.62E+00
2793.150217,3.06E+04,6.62E+00
2793.31367,2.89E+04,6.62E+00
2793.334102,2.93E+04,6.62E+00
2793.354534,3.05E+04,6.62E+00
2793.374965,3.17E+04,6.62E+00
2793.395397,3.23E+04,6.62E+00
2793.415829,3.23E+04,6.62E+00
2793.43626,3.22E+04,6.62E+00
2793.456692,3.19E+04,6.62E+00
2793.477124,3.16E+04,6.62E+00
2793.497556,3.12E+04,6.62E+00
2793.517987,3.05E+04,6.62E+00
2793.558851,3.26E+04,6.62E+00
2793.579282,3.24E+04,6.62E+00
2793.599714,3.21E+04,6.62E+00
2793.620146,3.13E+04,6.62E+00
2793.640577,2.77E+04,6.62E+00
2793.661009,2.20E+04,6.62E+00
2793.681441,1.65E+04,6.61E+00
2793.701873,1.65E+04,6.61E+00
2793.722304,2.14E+04,6.61E+00
2793.804031,3.21E+04,6.61E+00
2793.824463,3.25E+04,6.61E+00
2793.844894,3.27E+04,6.61E+00
2793.865326,3.27E+04,6.61E+00
2793.885758,3.25E+04,6.61E+00
2794.049212,2.85E+04,6.61E+00
2794.069643,2.80E+04,6.61E+00
2794.090075,2.83E+04,6.61E+00
2794.110507,2.92E+04,6.61E+00
2794.130938,2.96E+04,6.61E+00
2794.15137,2.93E+04,6.61E+00
2794.171802,2.88E+04,6.61E+00
2794.192233,2.77E+04,6.61E+00
2794.212665,2.67E+04,6.61E+00
2794.294392,3.22E+04,6.61E+00
2794.314824,3.20E+04,6.61E+00
2794.335255,3.18E+04,6.61E+00
2794.355687,3.17E+04,6.61E+00
2794.376119,2.98E+04,6.61E+00
2794.39655,2.50E+04,6.61E+00
2794.416982,1.90E+04,6.61E+00
2794.437414,1.62E+04,6.61E+00
2794.457846,2.00E+04,6.61E+00
2794.478277,2.58E+04,6.61E+00
2794.498709,3.00E+04,6.61E+00
2794.519141,3.13E+04,6.61E+00
2794.539572,3.13E+04,6.61E+00
2794.560004,3.12E+04,6.61E+00
2794.580436,3.12E+04,6.60E+00
2794.600868,3.10E+04,6.60E+00
2794.621299,3.07E+04,6.60E+00
2794.641731,3.04E+04,6.60E+00
2794.784753,2.92E+04,6.60E+00
2794.86648,3.16E+04,6.60E+00
2795.029933,3.29E+04,6.60E+00
2795.050365,3.27E+04,6.60E+00
2795.070797,3.24E+04,6.60E+00
2795.091228,3.20E+04,6.60E+00
2795.11166,3.08E+04,6.60E+00
2795.132092,2.67E+04,6.60E+00
2795.275114,3.19E+04,6.60E+00
2795.295546,3.19E+04,6.60E+00
2795.315977,3.20E+04,6.60E+00
2795.336409,3.17E+04,6.60E+00
2795.356841,3.15E+04,6.60E+00
2795.520294,2.98E+04,6.60E+00
2795.540726,2.89E+04,6.60E+00
2795.561158,2.89E+04,6.60E+00
2795.58159,2.98E+04,6.60E+00
2795.602021,3.08E+04,6.60E+00
2795.622453,3.15E+04,6.60E+00
2795.642885,3.14E+04,6.60E+00
2795.663316,3.11E+04,6.60E+00
2795.683748,3.10E+04,6.60E+00
2795.70418,3.05E+04,6.60E+00
2795.724612,3.01E+04,6.60E+00
2795.765475,3.25E+04,6.60E+00
2795.785907,3.25E+04,6.60E+00
2795.806338,3.25E+04,6.60E+00
2795.82677,3.22E+04,6.60E+00
2795.847202,3.16E+04,6.60E+00
2795.867634,2.88E+04,6.60E+00
2795.888065,2.35E+04,6.60E+00
2795.908497,1.75E+04,6.60E+00
2795.928929,1.56E+04,6.59E+00
2796.010656,3.22E+04,6.59E+00
2796.031087,3.24E+04,6.59E+00
2796.051519,3.26E+04,6.59E+00
2796.071951,3.25E+04,6.59E+00
2796.092382,3.24E+04,6.59E+00
2796.214973,2.75E+04,6.59E+00
2796.276268,2.76E+04,6.59E+00
2796.2967,2.69E+04,6.59E+00
2796.317131,2.70E+04,6.59E+00
2796.337563,2.79E+04,6.59E+00
2796.357995,2.85E+04,6.59E+00
2796.378427,2.86E+04,6.59E+00
2796.398858,2.81E+04,6.59E+00
2796.41929,2.73E+04,6.59E+00
2796.439722,2.68E+04,6.59E+00
2796.501017,3.28E+04,6.59E+00
2796.521449,3.24E+04,6.59E+00
2796.54188,3.20E+04,6.59E+00
2796.562312,3.14E+04,6.59E+00
2796.582744,3.09E+04,6.59E+00
2796.603175,2.94E+04,6.59E+00
2796.623607,2.51E+04,6.59E+00
2796.644039,1.93E+04,6.59E+00
2796.664471,1.50E+04,6.59E+00
2796.684902,1.69E+04,6.59E+00
2796.705334,2.19E+04,6.59E+00
2796.746197,3.17E+04,6.59E+00
2796.766629,3.18E+04,6.58E+00
2796.787061,3.18E+04,6.58E+00
2796.807493,3.17E+04,6.58E+00
2796.827924,3.15E+04,6.58E+00
2796.848356,3.14E+04,6.58E+00
2796.868788,3.09E+04,6.58E+00
2796.991378,3.09E+04,6.58E+00
2797.01181,2.93E+04,6.58E+00
2797.032242,2.79E+04,6.58E+00
2797.052673,2.77E+04,6.58E+00
2797.073105,2.82E+04,6.58E+00
2797.093537,2.89E+04,6.58E+00
2797.113968,2.91E+04,6.58E+00
2797.1344,2.85E+04,6.58E+00
2797.154832,2.79E+04,6.58E+00
2797.236559,3.13E+04,6.58E+00
2797.256991,3.08E+04,6.58E+00
2797.277422,3.00E+04,6.58E+00
2797.297854,2.93E+04,6.58E+00
2797.318286,2.84E+04,6.58E+00
2797.338717,2.71E+04,6.58E+00
2797.359149,2.40E+04,6.58E+00
2797.379581,1.84E+04,6.58E+00
2797.400013,1.32E+04,6.58E+00
2797.420444,1.18E+04,6.58E+00
2797.440876,1.42E+04,6.58E+00
2797.48174,2.81E+04,6.58E+00
2797.502171,2.82E+04,6.58E+00
2797.522603,2.76E+04,6.58E+00
2797.543035,2.66E+04,6.58E+00
2797.563466,2.56E+04,6.58E+00
2797.583898,2.37E+04,6.58E+00
2797.60433,2.22E+04,6.58E+00
2797.624762,2.05E+04,6.58E+00
2797.645193,1.85E+04,6.58E+00
2797.665625,1.69E+04,6.58E+00
2797.686057,1.48E+04,6.58E+00
2797.72692,3.07E+04,6.58E+00
2797.747352,2.90E+04,6.57E+00
2797.767784,2.74E+04,6.57E+00
2797.788215,2.64E+04,6.57E+00
2797.808647,2.64E+04,6.57E+00
2797.972101,3.08E+04,6.57E+00
2797.992533,3.00E+04,6.57E+00
2798.012964,2.92E+04,6.57E+00
2798.033396,2.79E+04,6.57E+00
2798.053828,2.66E+04,6.57E+00
2798.07426,2.50E+04,6.57E+00
2798.094691,2.21E+04,6.57E+00
2798.115123,1.76E+04,6.57E+00
2798.135555,1.22E+04,6.57E+00
2798.155987,9.24E+03,6.57E+00
2798.176418,9.78E+03,6.57E+00
2798.217282,2.89E+04,6.57E+00
2798.237713,3.05E+04,6.57E+00
2798.258145,3.06E+04,6.57E+00
2798.278577,3.04E+04,6.57E+00
2798.299009,3.05E+04,6.57E+00
2798.31944,3.04E+04,6.57E+00
2798.339872,2.99E+04,6.57E+00
2798.360304,2.96E+04,6.57E+00
2798.380736,2.89E+04,6.57E+00
2798.401167,2.80E+04,6.57E+00
2798.462463,3.14E+04,6.57E+00
2798.482894,3.00E+04,6.57E+00
2798.503326,2.84E+04,6.57E+00
2798.523758,2.73E+04,6.57E+00
2798.54419,2.71E+04,6.57E+00
2798.707643,3.14E+04,6.57E+00
2798.728075,3.08E+04,6.57E+00
2798.748507,3.01E+04,6.57E+00
2798.768939,2.94E+04,6.56E+00
2798.78937,2.82E+04,6.56E+00
2798.809802,2.72E+04,6.56E+00
2798.830234,2.56E+04,6.56E+00
2798.850666,2.18E+04,6.56E+00
2798.871097,1.67E+04,6.56E+00
2798.891529,1.17E+04,6.56E+00
2798.911961,1.12E+04,6.56E+00
2798.952824,2.62E+04,6.56E+00
2798.973256,2.88E+04,6.56E+00
2798.993688,2.87E+04,6.56E+00
2799.01412,2.85E+04,6.56E+00
2799.034551,2.78E+04,6.56E+00
2799.054983,2.72E+04,6.56E+00
2799.075415,2.62E+04,6.56E+00
2799.095847,2.46E+04,6.56E+00
2799.116278,2.34E+04,6.55E+00
2799.198005,3.09E+04,6.55E+00
2799.218437,2.99E+04,6.55E+00
2799.238869,2.82E+04,6.55E+00
2799.259301,2.68E+04,6.55E+00
2799.279732,2.60E+04,6.55E+00
2799.443186,3.20E+04,6.55E+00
2799.463618,3.16E+04,6.55E+00
2799.48405,3.09E+04,6.55E+00
2799.504481,3.01E+04,6.55E+00
2799.524913,2.91E+04,6.55E+00
2799.545345,2.79E+04,6.55E+00
2799.565777,2.69E+04,6.55E+00
2799.586208,2.37E+04,6.55E+00
2799.60664,1.88E+04,6.55E+00
2799.627072,1.33E+04,6.55E+00
2799.647504,1.04E+04,6.55E+00
2799.688367,2.45E+04,6.55E+00
2799.708799,2.82E+04,6.55E+00
2799.729231,2.91E+04,6.55E+00
2799.749662,2.87E+04,6.55E+00
2799.770094,2.82E+04,6.54E+00
2799.790526,2.73E+04,6.54E+00
2799.810958,2.64E+04,6.54E+00
2799.831389,2.46E+04,6.54E+00
2799.851821,2.30E+04,6.54E+00
2799.933548,2.94E+04,6.54E+00
2799.95398,2.83E+04,6.54E+00
2799.974412,2.63E+04,6.54E+00
2799.994843,2.42E+04,6.54E+00
2800.015275,2.24E+04,6.54E+00
2800.035707,2.10E+04,6.54E+00
2800.056138,2.05E+04,6.54E+00
2800.07657,1.90E+04,6.54E+00
2800.097002,1.78E+04,6.54E+00
2800.117434,1.60E+04,6.54E+00
2800.137866,1.43E+04,6.54E+00
2800.178729,3.15E+04,6.54E+00
2800.199161,3.14E+04,6.54E+00
2800.219593,3.09E+04,6.54E+00
2800.240024,3.04E+04,6.54E+00
2800.260456,2.97E+04,6.54E+00
2800.280888,2.89E+04,6.54E+00
2800.30132,2.82E+04,6.54E+00
2800.321751,2.66E+04,6.54E+00
2800.342183,2.29E+04,6.54E+00
2800.362615,1.72E+04,6.54E+00
2800.383047,1.27E+04,6.54E+00
2800.42391,2.25E+04,6.54E+00
2800.444342,2.74E+04,6.53E+00
2800.464774,2.96E+04,6.53E+00
2800.485205,2.97E+04,6.53E+00
2800.505637,2.95E+04,6.53E+00
2800.526069,2.91E+04,6.53E+00
2800.546501,2.87E+04,6.53E+00
2800.566932,2.79E+04,6.53E+00
2800.587364,2.72E+04,6.53E+00
2800.607796,2.58E+04,6.53E+00
2800.669091,3.08E+04,6.53E+00
2800.689523,3.02E+04,6.53E+00
2800.709955,2.87E+04,6.53E+00
2800.730386,2.72E+04,6.53E+00
2800.750818,2.55E+04,6.53E+00
2800.914272,3.10E+04,6.53E+00
2800.934704,3.07E+04,6.53E+00
2800.955136,3.01E+04,6.53E+00
2800.975568,2.95E+04,6.53E+00
2800.995999,2.85E+04,6.53E+00
2801.016431,2.77E+04,6.53E+00
2801.036863,2.63E+04,6.53E+00
2801.057294,2.48E+04,6.53E+00
2801.077726,2.16E+04,6.53E+00
2801.098158,1.65E+04,6.53E+00
2801.11859,1.19E+04,6.53E+00
2801.159453,2.11E+04,6.53E+00
2801.179885,2.70E+04,6.53E+00
2801.200317,3.09E+04,6.52E+00
2801.220749,3.19E+04,6.52E+00
2801.24118,3.17E+04,6.52E+00
2801.404635,3.21E+04,6.52E+00
2801.425066,3.14E+04,6.52E+00
2801.445498,3.04E+04,6.52E+00
2801.46593,2.89E+04,6.52E+00
2801.486361,2.72E+04,6.52E+00
2801.649816,3.12E+04,6.52E+00
2801.670247,3.08E+04,6.52E+00
2801.690679,3.05E+04,6.52E+00
2801.711111,2.95E+04,6.52E+00
2801.731543,2.87E+04,6.52E+00
2801.751975,2.75E+04,6.52E+00
2801.772406,2.59E+04,6.52E+00
2801.792838,2.44E+04,6.51E+00
2801.81327,2.18E+04,6.51E+00
2801.833701,1.75E+04,6.51E+00
2801.854133,1.23E+04,6.51E+00
2801.894997,1.69E+04,6.51E+00
2801.915429,2.18E+04,6.51E+00
2801.93586,2.54E+04,6.51E+00
2801.956292,2.63E+04,6.51E+00
2801.976724,2.54E+04,6.51E+00
2801.997156,2.36E+04,6.51E+00
2802.017587,2.23E+04,6.51E+00
2802.140178,3.23E+04,6.51E+00
2802.16061,3.20E+04,6.51E+00
2802.181042,3.15E+04,6.51E+00
2802.201473,3.03E+04,6.51E+00
2802.221905,2.87E+04,6.51E+00
2802.344496,2.91E+04,6.51E+00
2802.385359,3.29E+04,6.51E+00
2802.405791,3.30E+04,6.51E+00
2802.426223,3.29E+04,6.51E+00
2802.446655,3.27E+04,6.50E+00
2802.467086,3.23E+04,6.50E+00
2802.487518,3.19E+04,6.50E+00
2802.50795,3.13E+04,6.50E+00
2802.528382,3.07E+04,6.50E+00
2802.548813,2.98E+04,6.50E+00
2802.569245,2.68E+04,6.50E+00
2802.589677,2.15E+04,6.50E+00
2802.650972,2.17E+04,6.50E+00
2802.671404,2.76E+04,6.50E+00
2802.691836,3.13E+04,6.50E+00
2802.712268,3.21E+04,6.50E+00
2802.732699,3.23E+04,6.50E+00
2802.753131,3.25E+04,6.50E+00
2802.773563,3.25E+04,6.50E+00
2802.793995,3.24E+04,6.50E+00
2802.814427,3.21E+04,6.50E+00
2802.834858,3.17E+04,6.50E+00
2802.85529,3.14E+04,6.50E+00
2802.875722,3.07E+04,6.50E+00
2802.896154,3.02E+04,6.50E+00
2802.916586,2.94E+04,6.49E+00
2802.937017,2.81E+04,6.49E+00
2802.957449,2.62E+04,6.49E+00
2803.120903,3.28E+04,6.49E+00
2803.141335,3.28E+04,6.49E+00
2803.161767,3.26E+04,6.49E+00
2803.182199,3.22E+04,6.49E+00
2803.20263,3.16E+04,6.49E+00
2803.223062,3.11E+04,6.49E+00
2803.243494,3.04E+04,6.49E+00
2803.263926,2.97E+04,6.49E+00
2803.284358,2.90E+04,6.49E+00
2803.304789,2.67E+04,6.49E+00
2803.325221,2.22E+04,6.48E+00
2803.366085,1.50E+04,6.48E+00
2803.386516,1.77E+04,6.48E+00
2803.406948,2.28E+04,6.48E+00
2803.42738,2.63E+04,6.48E+00
2803.447812,2.72E+04,6.48E+00
2803.468244,2.65E+04,6.48E+00
2803.611266,3.01E+04,6.48E+00
2803.631698,2.93E+04,6.48E+00
2803.65213,2.83E+04,6.48E+00
2803.672561,2.70E+04,6.48E+00
2803.692993,2.53E+04,6.48E+00
2803.713425,2.26E+04,6.48E+00
2803.733857,2.10E+04,6.48E+00
2803.754289,1.92E+04,6.47E+00
2803.77472,1.88E+04,6.47E+00
2803.795152,1.78E+04,6.47E+00
2803.815584,1.65E+04,6.47E+00
2803.856448,3.24E+04,6.47E+00
2803.876879,3.28E+04,6.47E+00
2803.897311,3.30E+04,6.47E+00
2803.917743,3.30E+04,6.47E+00
2803.938175,3.27E+04,6.47E+00
2803.958606,3.24E+04,6.47E+00
2803.979038,3.18E+04,6.47E+00
2803.99947,3.11E+04,6.47E+00
2804.019902,3.05E+04,6.47E+00
2804.101629,1.59E+04,6.47E+00
2804.122061,1.63E+04,6.47E+00
2804.142493,2.16E+04,6.47E+00
2804.162924,2.71E+04,6.46E+00
2804.183356,3.05E+04,6.46E+00
2804.203788,3.13E+04,6.46E+00
2804.22422,3.19E+04,6.46E+00
2804.244652,3.23E+04,6.46E+00
2804.265083,3.28E+04,6.46E+00
2804.285515,3.30E+04,6.46E+00
2804.305947,3.32E+04,6.46E+00
2804.326379,3.31E+04,6.46E+00
2804.346811,3.29E+04,6.46E+00
2804.367242,3.26E+04,6.46E+00
2804.387674,3.23E+04,6.46E+00
2804.408106,3.18E+04,6.46E+00
2804.428538,3.09E+04,6.46E+00
2804.44897,2.92E+04,6.46E+00
2804.469401,2.79E+04,6.46E+00
2804.591992,3.29E+04,6.45E+00
2804.612424,3.31E+04,6.45E+00
2804.632856,3.31E+04,6.45E+00
2804.653288,3.31E+04,6.45E+00
2804.673719,3.28E+04,6.45E+00
2804.694151,3.24E+04,6.45E+00
2804.714583,3.19E+04,6.45E+00
2804.735015,3.12E+04,6.45E+00
2804.837174,1.89E+04,6.45E+00
2804.857605,1.60E+04,6.45E+00
2804.878037,1.97E+04,6.45E+00
2804.898469,2.54E+04,6.45E+00
2804.918901,2.94E+04,6.45E+00
2804.939333,3.05E+04,6.45E+00
2804.959764,3.04E+04,6.45E+00
2804.980196,3.05E+04,6.45E+00
2805.082355,3.20E+04,6.45E+00
2805.102787,3.15E+04,6.45E+00
2805.123219,3.13E+04,6.45E+00
2805.143651,3.07E+04,6.45E+00
2805.164083,3.02E+04,6.44E+00
2805.184514,2.89E+04,6.44E+00
2805.204946,2.74E+04,6.44E+00
2805.327537,3.19E+04,6.44E+00
2805.347969,3.17E+04,6.44E+00
2805.368401,3.14E+04,6.44E+00
2805.388832,3.09E+04,6.44E+00
2805.409264,3.04E+04,6.44E+00
2805.572719,2.11E+04,6.44E+00
2805.593151,1.62E+04,6.44E+00
2805.613582,1.73E+04,6.44E+00
2805.634014,2.28E+04,6.44E+00
2805.654446,2.76E+04,6.43E+00
2805.674878,3.01E+04,6.43E+00
2805.695309,3.02E+04,6.43E+00
2805.715741,3.01E+04,6.43E+00
2805.736173,3.02E+04,6.43E+00
2805.8179,3.29E+04,6.43E+00
2805.838332,3.25E+04,6.43E+00
2805.858764,3.22E+04,6.43E+00
2805.879196,3.17E+04,6.43E+00
2805.899628,3.11E+04,6.43E+00
2805.920059,2.99E+04,6.42E+00
2805.940491,2.82E+04,6.42E+00
2806.063082,3.26E+04,6.42E+00
2806.083514,3.28E+04,6.42E+00
2806.103946,3.30E+04,6.42E+00
2806.124377,3.31E+04,6.42E+00
2806.144809,3.31E+04,6.42E+00
2806.165241,3.30E+04,6.42E+00
2806.185673,3.28E+04,6.42E+00
2806.206105,3.24E+04,6.42E+00
2806.226537,3.20E+04,6.42E+00
2806.246968,3.15E+04,6.42E+00
2806.2674,3.08E+04,6.42E+00
2806.287832,2.81E+04,6.42E+00
2806.308264,2.29E+04,6.42E+00
2806.328696,1.71E+04,6.42E+00
2806.349128,1.53E+04,6.42E+00
2806.369559,1.93E+04,6.42E+00
2806.389991,2.42E+04,6.41E+00
2806.410423,2.75E+04,6.41E+00
2806.430855,2.78E+04,6.41E+00
2806.451287,2.73E+04,6.41E+00
2806.553446,3.16E+04,6.41E+00
2806.573877,3.10E+04,6.41E+00
2806.594309,3.04E+04,6.41E+00
2806.614741,2.98E+04,6.41E+00
2806.635173,2.91E+04,6.41E+00
2806.655605,2.79E+04,6.41E+00
2806.798628,3.03E+04,6.41E+00
2806.819059,3.00E+04,6.41E+00
2806.839491,2.99E+04,6.41E+00
2806.859923,2.92E+04,6.41E+00
2806.880355,2.89E+04,6.41E+00
2807.043809,2.58E+04,6.40E+00
2807.064241,1.99E+04,6.40E+00
2807.084673,1.55E+04,6.40E+00
2807.105105,1.75E+04,6.40E+00
2807.125537,2.28E+04,6.40E+00
2807.145969,2.71E+04,6.40E+00
2807.1664,2.87E+04,6.40E+00
2807.186832,2.84E+04,6.40E+00
2807.288991,3.17E+04,6.40E+00
2807.309423,3.13E+04,6.39E+00
2807.329855,3.07E+04,6.39E+00
2807.350287,3.02E+04,6.38E+00
2807.370719,2.94E+04,6.38E+00
2807.534173,3.23E+04,6.38E+00
2807.554605,3.24E+04,6.38E+00
2807.575037,3.24E+04,6.38E+00
2807.595469,3.22E+04,6.38E+00
2807.615901,3.20E+04,6.38E+00
2807.779355,2.79E+04,6.38E+00
2807.799787,2.24E+04,6.38E+00
2807.820219,1.67E+04,6.37E+00
2807.840651,1.59E+04,6.37E+00
2807.861083,2.05E+04,6.37E+00
2807.881515,2.57E+04,6.37E+00
2807.901946,2.87E+04,6.37E+00
2807.922378,2.91E+04,6.37E+00
2807.94281,2.90E+04,6.37E+00
2808.024537,3.25E+04,6.36E+00
2808.044969,3.23E+04,6.36E+00
2808.065401,3.21E+04,6.36E+00
2808.085833,3.17E+04,6.36E+00
2808.106265,3.12E+04,6.36E+00
2808.26972,3.13E+04,6.36E+00
2808.290151,3.15E+04,6.36E+00
2808.310583,3.14E+04,6.36E+00
2808.331015,3.12E+04,6.36E+00
2808.351447,3.11E+04,6.36E+00
2808.514902,2.91E+04,6.35E+00
2808.535334,2.56E+04,6.35E+00
2808.555765,1.97E+04,6.35E+00
2808.576197,1.62E+04,6.35E+00
2808.596629,1.93E+04,6.35E+00
2808.617061,2.52E+04,6.35E+00
2808.637493,2.97E+04,6.35E+00
2808.657925,3.14E+04,6.35E+00
2808.678357,3.14E+04,6.35E+00
2808.698788,3.14E+04,6.34E+00
2808.71922,3.14E+04,6.34E+00
2808.739652,3.12E+04,6.34E+00
2808.760084,3.10E+04,6.34E+00
2808.780516,3.06E+04,6.34E+00
2808.800948,3.02E+04,6.33E+00
2808.821379,2.95E+04,6.33E+00
2808.841811,2.89E+04,6.33E+00
2808.862243,2.80E+04,6.33E+00
2808.882675,2.70E+04,6.33E+00
2809.005266,3.13E+04,6.33E+00
2809.025698,3.21E+04,6.33E+00
2809.04613,3.25E+04,6.32E+00
2809.066562,3.28E+04,6.32E+00
2809.086994,3.29E+04,6.32E+00
2809.107425,3.30E+04,6.32E+00
2809.127857,3.29E+04,6.31E+00
2809.148289,3.27E+04,6.31E+00
2809.168721,3.24E+04,6.31E+00
2809.189153,3.18E+04,6.31E+00
2809.209585,3.14E+04,6.30E+00
2809.230017,3.08E+04,6.30E+00
2809.250448,2.99E+04,6.30E+00
2809.27088,2.64E+04,6.30E+00
2809.291312,2.08E+04,6.29E+00
2809.311744,1.56E+04,6.29E+00
2809.332176,1.56E+04,6.29E+00
2809.352608,2.03E+04,6.29E+00
2809.373039,2.44E+04,6.29E+00
2809.393471,2.65E+04,6.29E+00
2809.495631,3.11E+04,6.29E+00
2809.516062,3.07E+04,6.28E+00
2809.536494,3.04E+04,6.28E+00
2809.556926,2.97E+04,6.28E+00
2809.577358,2.91E+04,6.28E+00
2809.740813,2.88E+04,6.28E+00
2809.761245,2.93E+04,6.28E+00
2809.781677,2.90E+04,6.27E+00
2809.802109,2.84E+04,6.27E+00
2809.82254,2.77E+04,6.27E+00
2810.006427,2.80E+04,6.26E+00
2810.026859,2.35E+04,6.26E+00
2810.047291,1.80E+04,6.26E+00
2810.067723,1.55E+04,6.26E+00
2810.088155,1.95E+04,6.26E+00
2810.108587,2.54E+04,6.26E+00
2810.129018,2.99E+04,6.25E+00
2810.14945,3.15E+04,6.25E+00
2810.169882,3.19E+04,6.25E+00
2810.190314,3.23E+04,6.25E+00
2810.210746,3.27E+04,6.25E+00
2810.231178,3.30E+04,6.25E+00
2810.25161,3.31E+04,6.24E+00
2810.272042,3.31E+04,6.24E+00
2810.292473,3.31E+04,6.24E+00
2810.312905,3.28E+04,6.23E+00
2810.333337,3.26E+04,6.23E+00
2810.353769,3.22E+04,6.23E+00
2810.374201,3.16E+04,6.23E+00
2810.394633,3.03E+04,6.23E+00
2810.415065,2.88E+04,6.23E+00
2810.435496,2.80E+04,6.23E+00
2810.455928,2.81E+04,6.22E+00
2810.47636,2.92E+04,6.22E+00
2810.496792,2.99E+04,6.22E+00
2810.517224,3.03E+04,6.21E+00
2810.537656,3.00E+04,6.21E+00
2810.558088,3.00E+04,6.21E+00
2810.721543,3.21E+04,6.21E+00
2810.741975,3.10E+04,6.20E+00
2810.762406,2.71E+04,6.20E+00
2810.782838,2.12E+04,6.20E+00
2810.80327,1.62E+04,6.20E+00
2810.966725,3.29E+04,6.19E+00
2810.987157,3.28E+04,6.19E+00
2811.007589,3.27E+04,6.18E+00
2811.028021,3.24E+04,6.18E+00
2811.048453,3.21E+04,6.18E+00
2811.211908,3.01E+04,6.18E+00
2811.23234,3.14E+04,6.17E+00
2811.252772,3.23E+04,6.17E+00
2811.273203,3.26E+04,6.16E+00
2811.293635,3.26E+04,6.16E+00
2811.314067,3.26E+04,6.16E+00
2811.334499,3.25E+04,6.16E+00
2811.354931,3.22E+04,6.16E+00
2811.375363,3.19E+04,6.15E+00
2811.395795,3.13E+04,6.15E+00
2811.416227,3.09E+04,6.15E+00
2811.436659,3.02E+04,6.15E+00
2811.45709,2.96E+04,6.15E+00
2811.477522,2.88E+04,6.15E+00
2811.497954,2.59E+04,6.15E+00
2811.518386,2.09E+04,6.15E+00
2811.538818,1.53E+04,6.15E+00
2811.702273,3.26E+04,6.14E+00
2811.722705,3.30E+04,6.14E+00
2811.743137,3.31E+04,6.14E+00
2811.763569,3.31E+04,6.14E+00
2811.784001,3.28E+04,6.14E+00
2811.947456,2.84E+04,6.14E+00
2811.967888,2.95E+04,6.14E+00
2811.98832,3.04E+04,6.13E+00
2812.008751,3.06E+04,6.13E+00
2812.029183,3.04E+04,6.12E+00
2812.049615,3.04E+04,6.12E+00
2812.070047,3.01E+04,6.12E+00
2812.090479,3.00E+04,6.11E+00
2812.110911,2.95E+04,6.11E+00
2812.131343,2.90E+04,6.11E+00
2812.192639,3.24E+04,6.11E+00
2812.21307,3.22E+04,6.11E+00
2812.233502,3.08E+04,6.10E+00
2812.253934,2.66E+04,6.10E+00
2812.274366,2.06E+04,6.10E+00
2812.294798,1.62E+04,6.09E+00
2812.31523,1.84E+04,6.09E+00
2812.335662,2.41E+04,6.09E+00
2812.356094,2.88E+04,6.08E+00
2812.376526,3.08E+04,6.08E+00
2812.396958,3.09E+04,6.08E+00
2812.41739,3.09E+04,6.08E+00
2812.437821,3.08E+04,6.07E+00
2812.458253,3.07E+04,6.07E+00
2812.478685,3.04E+04,6.07E+00
2812.499117,3.00E+04,6.07E+00
2812.519549,2.94E+04,6.06E+00
2812.683004,2.91E+04,6.05E+00
2812.703436,3.03E+04,6.05E+00
2812.723868,3.16E+04,6.05E+00
2812.7443,3.25E+04,6.05E+00
2812.764732,3.26E+04,6.04E+00
2812.785164,3.27E+04,6.04E+00
2812.805596,3.27E+04,6.04E+00
2812.826028,3.26E+04,6.04E+00
2812.846459,3.24E+04,6.03E+00
2812.866891,3.20E+04,6.03E+00
2812.887323,3.17E+04,6.03E+00
2812.907755,3.12E+04,6.03E+00
2812.928187,3.07E+04,6.02E+00
2812.948619,3.02E+04,6.02E+00
2812.969051,2.94E+04,6.02E+00
2812.989483,2.64E+04,6.02E+00
2813.009915,2.11E+04,6.01E+00
2813.030347,1.58E+04,6.01E+00
2813.050779,1.48E+04,6.00E+00
2813.07121,1.89E+04,6.00E+00
2813.091642,2.31E+04,5.99E+00
2813.112074,2.52E+04,5.99E+00
2813.132506,2.49E+04,5.99E+00
2813.17337,3.01E+04,5.98E+00
2813.193802,2.99E+04,5.98E+00
2813.214234,2.98E+04,5.97E+00
2813.234666,2.95E+04,5.97E+00
2813.255098,2.91E+04,5.97E+00
2813.418553,2.72E+04,5.97E+00
2813.438985,2.76E+04,5.96E+00
2813.459417,2.85E+04,5.95E+00
2813.479849,2.89E+04,5.95E+00
2813.500281,2.90E+04,5.95E+00
2813.663736,3.23E+04,5.95E+00
2813.684168,3.21E+04,5.94E+00
2813.7046,3.18E+04,5.94E+00
2813.725032,3.00E+04,5.94E+00
2813.745464,2.54E+04,5.94E+00
2813.765896,1.93E+04,5.94E+00
2813.786328,1.58E+04,5.93E+00
2813.908919,3.26E+04,5.93E+00
2813.929351,3.30E+04,5.92E+00
2813.949783,3.32E+04,5.91E+00
2813.970215,3.33E+04,5.91E+00
2813.990647,3.32E+04,5.91E+00
2814.011079,3.31E+04,5.90E+00
2814.031511,3.28E+04,5.90E+00
2814.051943,3.25E+04,5.90E+00
2814.072375,3.21E+04,5.90E+00
2814.092806,3.15E+04,5.90E+00
2814.113238,3.03E+04,5.89E+00
2814.13367,2.86E+04,5.89E+00
2814.154102,2.77E+04,5.89E+00
2814.174534,2.75E+04,5.89E+00
2814.194966,2.84E+04,5.89E+00
2814.215398,2.92E+04,5.89E+00
2814.23583,2.97E+04,5.87E+00
2814.256262,2.96E+04,5.87E+00
2814.276694,2.92E+04,5.87E+00
2814.297126,2.90E+04,5.87E+00
2814.317558,2.84E+04,5.86E+00
2814.33799,2.81E+04,5.86E+00
2814.399286,3.15E+04,5.86E+00
2814.419717,3.09E+04,5.86E+00
2814.440149,3.05E+04,5.86E+00
2814.460581,2.95E+04,5.86E+00
2814.481013,2.61E+04,5.85E+00
2814.644469,3.26E+04,5.85E+00
2814.6649,3.29E+04,5.85E+00
2814.685333,3.30E+04,5.85E+00
2814.705764,3.31E+04,5.85E+00
2814.726196,3.30E+04,5.84E+00
2814.889652,2.90E+04,5.84E+00
2814.910084,2.87E+04,5.84E+00
2814.930516,2.92E+04,5.84E+00
2814.950948,3.04E+04,5.84E+00
2814.97138,3.11E+04,5.83E+00
2814.991812,3.12E+04,5.83E+00
2815.012244,3.11E+04,5.82E+00
2815.032675,3.09E+04,5.82E+00
2815.053107,3.08E+04,5.82E+00
2815.073539,3.05E+04,5.82E+00
2815.093971,3.02E+04,5.81E+00
2815.134835,3.25E+04,5.81E+00
2815.155267,3.20E+04,5.81E+00
2815.175699,3.15E+04,5.81E+00
2815.196131,3.09E+04,5.81E+00
2815.216563,2.85E+04,5.80E+00
2815.236995,2.37E+04,5.80E+00
2815.380018,3.08E+04,5.80E+00
2815.400451,3.07E+04,5.80E+00
2815.420882,3.08E+04,5.79E+00
2815.441314,3.05E+04,5.79E+00
2815.461746,3.03E+04,5.79E+00
2815.625202,2.78E+04,5.79E+00
2815.645634,2.69E+04,5.79E+00
2815.666066,2.69E+04,5.79E+00
2815.686498,2.75E+04,5.78E+00
2815.70693,2.81E+04,5.78E+00
2815.890817,3.18E+04,5.78E+00
2815.911249,3.13E+04,5.78E+00
2815.931681,3.09E+04,5.77E+00
2815.952113,2.96E+04,5.77E+00
2816.115569,3.18E+04,5.76E+00
2816.136001,3.18E+04,5.76E+00
2816.156433,3.20E+04,5.75E+00
2816.176865,3.20E+04,5.75E+00
2816.197297,3.20E+04,5.75E+00
2816.360752,3.02E+04,5.75E+00
2816.381184,2.91E+04,5.75E+00
2816.401616,2.90E+04,5.74E+00
2816.422048,2.98E+04,5.74E+00
2816.44248,3.09E+04,5.74E+00
2816.605936,3.11E+04,5.74E+00
2816.626368,3.08E+04,5.73E+00
2816.6468,3.01E+04,5.73E+00
2816.667232,2.96E+04,5.73E+00
2816.687664,2.88E+04,5.73E+00
2816.708096,2.61E+04,5.72E+00
2816.728528,2.12E+04,5.72E+00
2816.74896,1.57E+04,5.71E+00
2816.769392,1.40E+04,5.71E+00
2816.85112,3.07E+04,5.70E+00
2816.871552,3.07E+04,5.70E+00
2816.891984,3.08E+04,5.70E+00
2816.912416,3.08E+04,5.70E+00
2816.932848,3.06E+04,5.70E+00
2817.096303,2.93E+04,5.70E+00
2817.116735,2.77E+04,5.70E+00
2817.137167,2.71E+04,5.70E+00
2817.157599,2.72E+04,5.69E+00
2817.178031,2.81E+04,5.69E+00
2817.198463,2.87E+04,5.69E+00
2817.218895,2.87E+04,5.69E+00
2817.239327,2.84E+04,5.69E+00
2817.259759,2.79E+04,5.68E+00
2817.280191,2.75E+04,5.68E+00
2817.341487,3.25E+04,5.68E+00
2817.361919,3.25E+04,5.68E+00
2817.382351,3.24E+04,5.67E+00
2817.402783,3.23E+04,5.67E+00
2817.423215,3.21E+04,5.67E+00
2817.443647,3.07E+04,5.67E+00
2817.464079,2.64E+04,5.67E+00
2817.484511,2.04E+04,5.67E+00
2817.504943,1.62E+04,5.66E+00
2817.525375,1.86E+04,5.65E+00
2817.545807,2.44E+04,5.64E+00
2817.566239,2.90E+04,5.64E+00
2817.586671,3.11E+04,5.64E+00
2817.607103,3.11E+04,5.63E+00
2817.627535,3.11E+04,5.63E+00
2817.647967,3.10E+04,5.63E+00
2817.668399,3.08E+04,5.63E+00
2817.831855,2.94E+04,5.63E+00
2817.852287,2.77E+04,5.62E+00
2817.872719,2.65E+04,5.62E+00
2817.893151,2.60E+04,5.62E+00
2817.913583,2.67E+04,5.61E+00
2818.077039,3.29E+04,5.60E+00
2818.097471,3.29E+04,5.58E+00
2818.117903,3.28E+04,5.58E+00
2818.138335,3.26E+04,5.58E+00
2818.158767,3.23E+04,5.57E+00
2818.179199,3.17E+04,5.57E+00
2818.199631,2.85E+04,5.55E+00
2818.220063,2.29E+04,5.54E+00
2818.240495,1.72E+04,5.54E+00
2818.260927,1.63E+04,5.53E+00
2818.281359,2.12E+04,5.53E+00
2818.301791,2.63E+04,5.52E+00
2818.322223,2.96E+04,5.52E+00
2818.342655,2.98E+04,5.52E+00
2818.363087,2.98E+04,5.51E+00
2818.383519,2.95E+04,5.50E+00
2818.403951,2.92E+04,5.47E+00
2818.424383,2.85E+04,5.45E+00
2818.444815,2.77E+04,5.45E+00
2818.465247,2.65E+04,5.42E+00
2818.485679,2.53E+04,5.42E+00
2818.506111,2.39E+04,5.41E+00
2818.526543,2.21E+04,5.40E+00
2818.567407,3.08E+04,5.38E+00
2818.587839,2.93E+04,5.36E+00
2818.608271,2.77E+04,5.36E+00
2818.628703,2.70E+04,5.30E+00
2818.649135,2.73E+04,5.24E+00
2818.669567,2.81E+04,5.18E+00
2818.689999,2.85E+04,5.15E+00
2818.710431,2.82E+04,5.09E+00
